model,coverage,avg_set_size
SimpleCNN,0.6,1.5066666666666666
MobileNetV2,0.32,1.32
ResNet50V2,0.29333333333333333,1.1866666666666668
